оя 41 пк к-140;9000;ря
оя 41 пр-110 р-1;9001;ря
оя 41 нд-110 р-1;9002;ря
оя 41 йг-110 р-1;9003;ря
оя 41 пк к-80;9004;ря
оя 41 пр-110 р-2;9005;ря
оя 41 нд-110 р-2;9006;ря
оя 41 йг-110 р-2;9007;ря
оя 41 пь-35 р-1;9008;ря
оя 41 бкй-42;9009;ря
оя 41 пк кй-42;9010;ря
оя-356 пк кй-42;9011;ря
оя-41ю пк к-79;9012;ря
оя-41ю пр-110 р-1;9013;ря
оя-41ю нд-110 р-1;9014;ря
оя-41ю йг-110 р-1;9015;ря
оя-41ю пя-1-110;9016;ря
оя-41ю п-1-110;9017;ря
оя-41ю бя-110;9018;ря
оя-41ю пк к-80;9019;ря
оя-41ю пр-110 р-2;9020;ря
оя-41ю нд-110 р-2;9021;ря
оя-41ю йг-110 р-2;9022;ря
оя-41ю пя-2-110;9023;ря
оя-41ю п-2-110;9024;ря
оя-368 пк кй-51;9025;ря
оя-368 пк кй-50;9026;ря
оя-375 пк кй-55;9027;ря
оя-375 пк кй-56;9028;ря
оя-40ю пк к-189;9029;ря
оя-40ю пь-2Я к-189;9030;ря
оя-40ю пь няь к-189;9031;ря
оя-40ю пк к-188;9032;ря
оя-40ю пь-1Я к-188;9033;ря
оя-40ю пь няь к-188;9034;ря
оя-40ю пр-150 р-2;9035;ря
оя-40ю пь 2Я-150 р-2;9036;ря
оя-40ю пь няь-150 р-2;9037;ря
оя-40ю пр-150 р-1;9038;ря
оя-40ю пь 1Я-150 р-1;9039;ря
оя-40ю пь няь-150 р-1;9040;ря
оя-40ю пр-150 юр;9041;ря
оя-40ю пь 1Я-150 юр;9042;ря
оя-40ю пь рм-1Я-150;9043;ря
оя-40ю пь рм-2Я-150;9044;ря
оя-40ю пь-няь нб-110;9045;ря
оя-40ю пь-1Я нб-110;9046;ря
оя-40ю пь-няь-110 юр;9047;ря
оя-40ю пр-110 юр;9048;ря
оя-40ю пь 1Я-110 юр;9049;ря
оя-40ю пк к-79;9050;ря
оя-40ю пь няь к-79;9051;ря
оя-40ю пь-1Я к-79;9052;ря
оя-40ю пь рм-1Я-110;9053;ря
оя-40ю пр-35 р-1;9054;ря
оя-40ю пь-35 р-1;9055;ря
оя-40ю б-35 р-1;9056;ря
оя-40ю пь-1Я бя-35;9057;ря
оя-40ю пр-35 р-2;9058;ря
оя-40ю пь-35 р-2;9059;ря
оя-40ю б-35 р-2;9060;ря
оя-40ю пь-2Я бя-35;9061;ря
оя-40ю пь кй-51;9062;ря
оя-40ю пк кй-51;9063;ря
оя-40ю бкй-51;9064;ря
оя-40ю пь кй-50;9065;ря
оя-40ю пк кй-50;9066;ря
оя-40ю бкй-50;9067;ря
оя-40ю пь кй-55;9068;ря
оя-40ю пк кй-55;9069;ря
оя-40ю бкй-55;9070;ря
оя-40ю пь кй-56;9071;ря
оя-40ю пк кй-56;9072;ря
оя-40ю бкй-56;9073;ря
оя-40а пк нк-188;9074;ря
оя-40а пк нк-189;9075;ря
оя-40а 1по-150;9076;ря
оя-40а 2по-150;9077;ря
оя-40б пк нк-188;9078;ря
оя-40б пк нк-189;9079;ря
оя-40б 1по-150;9080;ря
оя-40б 2по-150;9081;ря
